{
  "name": "sadness-chan-mod",
  "title": "Sadness Chan Mod",
  "description": "Modification for Sadness Chan statistics output.",
  "version": "0.1.0",
  "author": "davidd4",
  "esmodules": [
    "sadness-chan-mod.js"
  ],
  "styles": [
    "sadness-chan-mod.css"
  ],
  "minimumCoreVersion": "0.7.9",
  "compatibleCoreVersion": "0.7.9",
  "dependencies": [
    {
      "name": "sadness-chan"
    }
  ],
  "download": "https://github.com/davidd4/sadness-chan-mod/releases/download/v0.1.0/sadness-chan-mod-v0.1.0.zip",
  "manifest": "https://github.com/davidd4/sadness-chan-mod/releases/latest/download/module.json",
  "url": "https://github.com/davidd4/sadness-chan-mod"
}
